"CountyID","CountyName","ReferralYear","Count"
1,"Adair",1988,1
1,"Adair",1989,2
1,"Adair",1990,3
1,"Adair",1991,4
1,"Adair",1992,2
1,"Adair",1993,6
1,"Adair",1994,10
1,"Adair",1995,21
1,"Adair",1996,37
1,"Adair",1997,12
1,"Adair",1998,18
1,"Adair",1999,59
1,"Adair",2000,45
1,"Adair",2001,48
1,"Adair",2002,118
1,"Adair",2003,80
1,"Adair",2004,126
1,"Adair",2005,189
1,"Adair",2006,225
1,"Adair",2007,340
1,"Adair",2008,285
1,"Adair",2009,285
1,"Adair",2010,195
1,"Adair",2011,128
2,"Alfalfa",1995,7
2,"Alfalfa",1997,4
2,"Alfalfa",1999,6
2,"Alfalfa",2000,19
2,"Alfalfa",2001,1
2,"Alfalfa",2003,7
2,"Alfalfa",2004,31
2,"Alfalfa",2005,36
2,"Alfalfa",2006,33
2,"Alfalfa",2007,68
2,"Alfalfa",2008,81
2,"Alfalfa",2009,42
2,"Alfalfa",2010,27
2,"Alfalfa",2011,52
3,"Atoka",1975,1
3,"Atoka",1976,1
3,"Atoka",1992,2
3,"Atoka",1994,1
3,"Atoka",1995,6
3,"Atoka",1996,6
3,"Atoka",1997,10
3,"Atoka",1998,2
3,"Atoka",1999,6
3,"Atoka",2000,12
3,"Atoka",2001,13
3,"Atoka",2002,27
3,"Atoka",2003,11
3,"Atoka",2004,15
3,"Atoka",2005,31
3,"Atoka",2006,63
3,"Atoka",2007,150
3,"Atoka",2008,132
3,"Atoka",2009,113
3,"Atoka",2010,80
3,"Atoka",2011,84
4,"Beaver",2004,1
4,"Beaver",2005,1
4,"Beaver",2006,13
4,"Beaver",2007,8
4,"Beaver",2008,7
4,"Beaver",2009,50
4,"Beaver",2010,14
4,"Beaver",2011,4
5,"Beckham",1981,1
5,"Beckham",1982,3
5,"Beckham",1985,4
5,"Beckham",1988,1
5,"Beckham",1990,2
5,"Beckham",1992,13
5,"Beckham",1993,4
5,"Beckham",1994,8
5,"Beckham",1995,22
5,"Beckham",1996,27
5,"Beckham",1997,34
5,"Beckham",1998,55
5,"Beckham",1999,28
5,"Beckham",2000,38
5,"Beckham",2001,71
5,"Beckham",2002,75
5,"Beckham",2003,77
5,"Beckham",2004,147
5,"Beckham",2005,175
5,"Beckham",2006,246
5,"Beckham",2007,337
5,"Beckham",2008,245
5,"Beckham",2009,338
5,"Beckham",2010,213
5,"Beckham",2011,202
6,"Blaine",1984,2
6,"Blaine",1989,1
6,"Blaine",1990,1
6,"Blaine",1993,3
6,"Blaine",1995,15
6,"Blaine",1996,17
6,"Blaine",1997,17
6,"Blaine",1998,16
6,"Blaine",1999,16
6,"Blaine",2000,44
6,"Blaine",2001,50
6,"Blaine",2002,81
6,"Blaine",2003,80
6,"Blaine",2004,53
6,"Blaine",2005,156
6,"Blaine",2006,240
6,"Blaine",2007,283
6,"Blaine",2008,250
6,"Blaine",2009,210
6,"Blaine",2010,183
6,"Blaine",2011,63
7,"Bryan",1989,4
7,"Bryan",1990,4
7,"Bryan",1991,6
7,"Bryan",1992,2
7,"Bryan",1993,3
7,"Bryan",1994,4
7,"Bryan",1995,14
7,"Bryan",1997,7
7,"Bryan",1998,21
7,"Bryan",1999,14
7,"Bryan",2000,27
7,"Bryan",2001,67
7,"Bryan",2002,57
7,"Bryan",2003,40
7,"Bryan",2004,143
7,"Bryan",2005,210
7,"Bryan",2006,280
7,"Bryan",2007,410
7,"Bryan",2008,317
7,"Bryan",2009,429
7,"Bryan",2010,332
7,"Bryan",2011,218
7,"Bryan",2012,2
8,"Caddo",1981,2
8,"Caddo",1982,1
8,"Caddo",1983,1
8,"Caddo",1985,1
8,"Caddo",1987,5
8,"Caddo",1991,1
8,"Caddo",1992,8
8,"Caddo",1993,5
8,"Caddo",1994,5
8,"Caddo",1995,2
8,"Caddo",1996,24
8,"Caddo",1997,8
8,"Caddo",1998,25
8,"Caddo",1999,13
8,"Caddo",2000,14
8,"Caddo",2001,37
8,"Caddo",2002,60
8,"Caddo",2003,53
8,"Caddo",2004,68
8,"Caddo",2005,63
8,"Caddo",2006,204
8,"Caddo",2007,191
8,"Caddo",2008,225
8,"Caddo",2009,193
8,"Caddo",2010,88
8,"Caddo",2011,78
9,"Canadian",1976,2
9,"Canadian",1988,3
9,"Canadian",1989,3
9,"Canadian",1990,3
9,"Canadian",1991,5
9,"Canadian",1992,6
9,"Canadian",1993,14
9,"Canadian",1994,13
9,"Canadian",1995,28
9,"Canadian",1996,30
9,"Canadian",1997,48
9,"Canadian",1998,99
9,"Canadian",1999,96
9,"Canadian",2000,145
9,"Canadian",2001,174
9,"Canadian",2002,255
9,"Canadian",2003,326
9,"Canadian",2004,325
9,"Canadian",2005,499
9,"Canadian",2006,954
9,"Canadian",2007,1135
9,"Canadian",2008,966
9,"Canadian",2009,934
9,"Canadian",2010,689
9,"Canadian",2011,465
10,"Carter",1992,2
10,"Carter",1993,2
10,"Carter",1995,4
10,"Carter",1996,2
10,"Carter",1997,5
10,"Carter",1998,32
10,"Carter",1999,27
10,"Carter",2000,6
10,"Carter",2001,24
10,"Carter",2002,38
10,"Carter",2003,31
10,"Carter",2004,138
10,"Carter",2005,98
10,"Carter",2006,239
10,"Carter",2007,249
10,"Carter",2008,294
10,"Carter",2009,286
10,"Carter",2010,255
10,"Carter",2011,143
11,"Cherokee",1986,3
11,"Cherokee",1990,1
11,"Cherokee",1991,5
11,"Cherokee",1992,2
11,"Cherokee",1993,2
11,"Cherokee",1994,4
11,"Cherokee",1995,3
11,"Cherokee",1996,21
11,"Cherokee",1997,20
11,"Cherokee",1998,36
11,"Cherokee",1999,63
11,"Cherokee",2000,62
11,"Cherokee",2001,62
11,"Cherokee",2002,65
11,"Cherokee",2003,96
11,"Cherokee",2004,54
11,"Cherokee",2005,90
11,"Cherokee",2006,177
11,"Cherokee",2007,277
11,"Cherokee",2008,197
11,"Cherokee",2009,185
11,"Cherokee",2010,163
11,"Cherokee",2011,135
12,"Choctaw",1995,8
12,"Choctaw",1996,1
12,"Choctaw",1997,3
12,"Choctaw",1998,4
12,"Choctaw",2000,5
12,"Choctaw",2001,24
12,"Choctaw",2002,21
12,"Choctaw",2003,20
12,"Choctaw",2004,55
12,"Choctaw",2005,30
12,"Choctaw",2006,58
12,"Choctaw",2007,108
12,"Choctaw",2008,101
12,"Choctaw",2009,149
12,"Choctaw",2010,146
12,"Choctaw",2011,87
13,"Cimarron",2006,5
13,"Cimarron",2007,2
13,"Cimarron",2010,2
14,"Cleveland",1980,1
14,"Cleveland",1982,1
14,"Cleveland",1983,2
14,"Cleveland",1987,2
14,"Cleveland",1988,3
14,"Cleveland",1989,2
14,"Cleveland",1990,4
14,"Cleveland",1991,2
14,"Cleveland",1992,7
14,"Cleveland",1993,6
14,"Cleveland",1994,8
14,"Cleveland",1995,43
14,"Cleveland",1996,28
14,"Cleveland",1997,45
14,"Cleveland",1998,90
14,"Cleveland",1999,132
14,"Cleveland",2000,144
14,"Cleveland",2001,162
14,"Cleveland",2002,250
14,"Cleveland",2003,277
14,"Cleveland",2004,372
14,"Cleveland",2005,784
14,"Cleveland",2006,871
14,"Cleveland",2007,909
14,"Cleveland",2008,764
14,"Cleveland",2009,706
14,"Cleveland",2010,480
14,"Cleveland",2011,358
15,"Coal",1988,2
15,"Coal",1998,9
15,"Coal",1999,8
15,"Coal",2000,12
15,"Coal",2001,11
15,"Coal",2002,35
15,"Coal",2003,38
15,"Coal",2004,14
15,"Coal",2005,57
15,"Coal",2006,75
15,"Coal",2007,117
15,"Coal",2008,70
15,"Coal",2009,134
15,"Coal",2010,93
15,"Coal",2011,89
16,"Comanche",1978,1
16,"Comanche",1993,2
16,"Comanche",1994,6
16,"Comanche",1995,4
16,"Comanche",1996,3
16,"Comanche",1997,33
16,"Comanche",1998,18
16,"Comanche",1999,73
16,"Comanche",2000,67
16,"Comanche",2001,26
16,"Comanche",2002,126
16,"Comanche",2003,141
16,"Comanche",2004,171
16,"Comanche",2005,302
16,"Comanche",2006,429
16,"Comanche",2007,682
16,"Comanche",2008,538
16,"Comanche",2009,587
16,"Comanche",2010,428
16,"Comanche",2011,284
17,"Cotton",1993,4
17,"Cotton",1995,4
17,"Cotton",1999,9
17,"Cotton",2001,5
17,"Cotton",2003,11
17,"Cotton",2004,6
17,"Cotton",2005,44
17,"Cotton",2006,41
17,"Cotton",2007,27
17,"Cotton",2008,17
17,"Cotton",2009,23
17,"Cotton",2010,16
17,"Cotton",2011,20
18,"Craig",1993,1
18,"Craig",1994,3
18,"Craig",1995,5
18,"Craig",1996,15
18,"Craig",1998,4
18,"Craig",1999,10
18,"Craig",2000,17
18,"Craig",2001,4
18,"Craig",2002,24
18,"Craig",2003,28
18,"Craig",2004,40
18,"Craig",2005,71
18,"Craig",2006,109
18,"Craig",2007,97
18,"Craig",2008,88
18,"Craig",2009,164
18,"Craig",2010,70
18,"Craig",2011,35
19,"Creek",1974,3
19,"Creek",1984,4
19,"Creek",1985,4
19,"Creek",1986,2
19,"Creek",1987,6
19,"Creek",1988,13
19,"Creek",1989,3
19,"Creek",1990,2
19,"Creek",1991,3
19,"Creek",1992,4
19,"Creek",1993,22
19,"Creek",1994,21
19,"Creek",1995,27
19,"Creek",1996,4
19,"Creek",1997,16
19,"Creek",1998,42
19,"Creek",1999,43
19,"Creek",2000,70
19,"Creek",2001,108
19,"Creek",2002,60
19,"Creek",2003,95
19,"Creek",2004,60
19,"Creek",2005,169
19,"Creek",2006,288
19,"Creek",2007,221
19,"Creek",2008,313
19,"Creek",2009,311
19,"Creek",2010,247
19,"Creek",2011,200
20,"Custer",1989,1
20,"Custer",1990,1
20,"Custer",1991,4
20,"Custer",1994,1
20,"Custer",1995,10
20,"Custer",1996,6
20,"Custer",1997,10
20,"Custer",1998,25
20,"Custer",1999,45
20,"Custer",2000,67
20,"Custer",2001,40
20,"Custer",2002,72
20,"Custer",2003,45
20,"Custer",2004,61
20,"Custer",2005,149
20,"Custer",2006,201
20,"Custer",2007,254
20,"Custer",2008,177
20,"Custer",2009,186
20,"Custer",2010,191
20,"Custer",2011,126
21,"Delaware",1979,4
21,"Delaware",1992,1
21,"Delaware",1996,2
21,"Delaware",1997,6
21,"Delaware",1998,16
21,"Delaware",1999,53
21,"Delaware",2000,60
21,"Delaware",2001,63
21,"Delaware",2002,54
21,"Delaware",2003,52
21,"Delaware",2004,119
21,"Delaware",2005,208
21,"Delaware",2006,236
21,"Delaware",2007,430
21,"Delaware",2008,480
21,"Delaware",2009,313
21,"Delaware",2010,343
21,"Delaware",2011,192
22,"Dewey",1983,1
22,"Dewey",1988,6
22,"Dewey",1989,1
22,"Dewey",1991,6
22,"Dewey",1992,1
22,"Dewey",1996,6
22,"Dewey",1997,4
22,"Dewey",1998,4
22,"Dewey",1999,5
22,"Dewey",2000,36
22,"Dewey",2001,31
22,"Dewey",2002,38
22,"Dewey",2003,22
22,"Dewey",2004,20
22,"Dewey",2005,27
22,"Dewey",2006,49
22,"Dewey",2007,50
22,"Dewey",2008,52
22,"Dewey",2009,47
22,"Dewey",2010,11
22,"Dewey",2011,25
23,"Ellis",2001,4
23,"Ellis",2002,2
23,"Ellis",2003,2
23,"Ellis",2004,7
23,"Ellis",2005,3
23,"Ellis",2006,14
23,"Ellis",2007,9
23,"Ellis",2008,4
23,"Ellis",2009,42
23,"Ellis",2010,14
24,"Garfield",1990,5
24,"Garfield",1992,14
24,"Garfield",1993,2
24,"Garfield",1994,5
24,"Garfield",1995,15
24,"Garfield",1996,44
24,"Garfield",1997,31
24,"Garfield",1998,34
24,"Garfield",1999,52
24,"Garfield",2000,59
24,"Garfield",2001,133
24,"Garfield",2002,101
24,"Garfield",2003,221
24,"Garfield",2004,220
24,"Garfield",2005,198
24,"Garfield",2006,303
24,"Garfield",2007,381
24,"Garfield",2008,457
24,"Garfield",2009,383
24,"Garfield",2010,379
24,"Garfield",2011,262
25,"Garvin",1982,3
25,"Garvin",1984,1
25,"Garvin",1987,2
25,"Garvin",1989,3
25,"Garvin",1991,1
25,"Garvin",1992,2
25,"Garvin",1993,2
25,"Garvin",1994,2
25,"Garvin",1995,3
25,"Garvin",1996,4
25,"Garvin",1997,27
25,"Garvin",1998,5
25,"Garvin",1999,14
25,"Garvin",2000,37
25,"Garvin",2001,73
25,"Garvin",2002,68
25,"Garvin",2003,97
25,"Garvin",2004,101
25,"Garvin",2005,105
25,"Garvin",2006,85
25,"Garvin",2007,155
25,"Garvin",2008,197
25,"Garvin",2009,197
25,"Garvin",2010,142
25,"Garvin",2011,69
26,"Grady",1982,4
26,"Grady",1988,7
26,"Grady",1989,10
26,"Grady",1990,1
26,"Grady",1991,3
26,"Grady",1992,1
26,"Grady",1993,6
26,"Grady",1994,7
26,"Grady",1995,16
26,"Grady",1996,14
26,"Grady",1997,20
26,"Grady",1998,9
26,"Grady",1999,10
26,"Grady",2000,30
26,"Grady",2001,41
26,"Grady",2002,71
26,"Grady",2003,63
26,"Grady",2004,143
26,"Grady",2005,160
26,"Grady",2006,168
26,"Grady",2007,226
26,"Grady",2008,236
26,"Grady",2009,258
26,"Grady",2010,267
26,"Grady",2011,151
27,"Grant",1995,1
27,"Grant",1996,2
27,"Grant",1997,3
27,"Grant",1998,4
27,"Grant",1999,2
27,"Grant",2000,16
27,"Grant",2001,24
27,"Grant",2002,10
27,"Grant",2003,10
27,"Grant",2004,5
27,"Grant",2006,30
27,"Grant",2007,49
27,"Grant",2008,31
27,"Grant",2009,9
27,"Grant",2010,6
27,"Grant",2011,17
28,"Greer",1994,1
28,"Greer",1995,4
28,"Greer",1996,7
28,"Greer",1997,12
28,"Greer",1998,19
28,"Greer",1999,19
28,"Greer",2000,13
28,"Greer",2001,28
28,"Greer",2002,25
28,"Greer",2003,97
28,"Greer",2004,62
28,"Greer",2005,121
28,"Greer",2006,83
28,"Greer",2007,119
28,"Greer",2008,131
28,"Greer",2009,131
28,"Greer",2010,111
28,"Greer",2011,70
29,"Harmon",1976,1
29,"Harmon",1997,5
29,"Harmon",2000,20
29,"Harmon",2001,9
29,"Harmon",2002,5
29,"Harmon",2004,3
29,"Harmon",2005,6
29,"Harmon",2006,64
29,"Harmon",2007,18
29,"Harmon",2008,54
29,"Harmon",2009,57
29,"Harmon",2010,52
29,"Harmon",2011,29
30,"Harper",1996,2
30,"Harper",1997,1
30,"Harper",1999,3
30,"Harper",2002,2
30,"Harper",2003,6
30,"Harper",2004,4
30,"Harper",2005,4
30,"Harper",2006,10
30,"Harper",2007,22
30,"Harper",2008,10
30,"Harper",2009,40
30,"Harper",2010,12
30,"Harper",2011,14
31,"Haskell",1997,5
31,"Haskell",1999,2
31,"Haskell",2000,8
31,"Haskell",2001,27
31,"Haskell",2002,29
31,"Haskell",2003,16
31,"Haskell",2004,18
31,"Haskell",2005,21
31,"Haskell",2006,65
31,"Haskell",2007,63
31,"Haskell",2008,72
31,"Haskell",2009,50
31,"Haskell",2010,58
31,"Haskell",2011,44
32,"Hughes",1997,9
32,"Hughes",1998,12
32,"Hughes",1999,17
32,"Hughes",2000,26
32,"Hughes",2001,24
32,"Hughes",2002,15
32,"Hughes",2003,48
32,"Hughes",2004,63
32,"Hughes",2005,90
32,"Hughes",2006,126
32,"Hughes",2007,162
32,"Hughes",2008,295
32,"Hughes",2009,262
32,"Hughes",2010,111
32,"Hughes",2011,82
33,"Jackson",1982,2
33,"Jackson",1983,3
33,"Jackson",1986,3
33,"Jackson",1987,2
33,"Jackson",1988,4
33,"Jackson",1991,2
33,"Jackson",1992,1
33,"Jackson",1993,2
33,"Jackson",1995,2
33,"Jackson",1996,18
33,"Jackson",1997,5
33,"Jackson",1998,11
33,"Jackson",1999,23
33,"Jackson",2000,18
33,"Jackson",2001,11
33,"Jackson",2002,58
33,"Jackson",2003,57
33,"Jackson",2004,108
33,"Jackson",2005,198
33,"Jackson",2006,378
33,"Jackson",2007,263
33,"Jackson",2008,223
33,"Jackson",2009,263
33,"Jackson",2010,243
33,"Jackson",2011,135
34,"Jefferson",1994,1
34,"Jefferson",1995,1
34,"Jefferson",1997,2
34,"Jefferson",1998,2
34,"Jefferson",1999,7
34,"Jefferson",2001,4
34,"Jefferson",2002,2
34,"Jefferson",2003,14
34,"Jefferson",2004,7
34,"Jefferson",2005,19
34,"Jefferson",2006,17
34,"Jefferson",2007,31
34,"Jefferson",2008,19
34,"Jefferson",2009,6
34,"Jefferson",2010,8
34,"Jefferson",2011,11
35,"Johnston",1997,5
35,"Johnston",1998,2
35,"Johnston",1999,2
35,"Johnston",2000,3
35,"Johnston",2001,12
35,"Johnston",2002,6
35,"Johnston",2003,74
35,"Johnston",2004,9
35,"Johnston",2005,78
35,"Johnston",2006,62
35,"Johnston",2007,39
35,"Johnston",2008,61
35,"Johnston",2009,49
35,"Johnston",2010,29
35,"Johnston",2011,24
36,"Kay",1983,2
36,"Kay",1987,2
36,"Kay",1988,2
36,"Kay",1989,1
36,"Kay",1992,2
36,"Kay",1993,10
36,"Kay",1994,3
36,"Kay",1995,17
36,"Kay",1996,15
36,"Kay",1997,27
36,"Kay",1998,48
36,"Kay",1999,49
36,"Kay",2000,78
36,"Kay",2001,112
36,"Kay",2002,158
36,"Kay",2003,135
36,"Kay",2004,216
36,"Kay",2005,364
36,"Kay",2006,555
36,"Kay",2007,549
36,"Kay",2008,494
36,"Kay",2009,366
36,"Kay",2010,341
36,"Kay",2011,202
37,"Kingfisher",1980,3
37,"Kingfisher",1985,1
37,"Kingfisher",1991,1
37,"Kingfisher",1993,2
37,"Kingfisher",1994,5
37,"Kingfisher",1998,1
37,"Kingfisher",1999,2
37,"Kingfisher",2000,9
37,"Kingfisher",2001,8
37,"Kingfisher",2002,2
37,"Kingfisher",2003,10
37,"Kingfisher",2004,56
37,"Kingfisher",2005,33
37,"Kingfisher",2006,64
37,"Kingfisher",2007,61
37,"Kingfisher",2008,36
37,"Kingfisher",2009,49
37,"Kingfisher",2010,57
37,"Kingfisher",2011,76
38,"Kiowa",1987,1
38,"Kiowa",1997,4
38,"Kiowa",1999,5
38,"Kiowa",2000,6
38,"Kiowa",2001,20
38,"Kiowa",2002,4
38,"Kiowa",2003,6
38,"Kiowa",2004,23
38,"Kiowa",2005,35
38,"Kiowa",2006,76
38,"Kiowa",2007,50
38,"Kiowa",2008,72
38,"Kiowa",2009,16
38,"Kiowa",2010,14
38,"Kiowa",2011,8
39,"Latimer",1990,2
39,"Latimer",1992,1
39,"Latimer",1995,1
39,"Latimer",1998,5
39,"Latimer",1999,9
39,"Latimer",2000,4
39,"Latimer",2001,14
39,"Latimer",2002,13
39,"Latimer",2003,20
39,"Latimer",2004,6
39,"Latimer",2005,30
39,"Latimer",2006,66
39,"Latimer",2007,79
39,"Latimer",2008,35
39,"Latimer",2009,16
39,"Latimer",2010,34
39,"Latimer",2011,22
40,"Le Flore",1939,3
40,"Le Flore",1985,2
40,"Le Flore",1986,2
40,"Le Flore",1987,1
40,"Le Flore",1988,12
40,"Le Flore",1989,4
40,"Le Flore",1990,2
40,"Le Flore",1991,4
40,"Le Flore",1992,1
40,"Le Flore",1993,4
40,"Le Flore",1994,26
40,"Le Flore",1995,18
40,"Le Flore",1996,32
40,"Le Flore",1997,47
40,"Le Flore",1998,39
40,"Le Flore",1999,63
40,"Le Flore",2000,28
40,"Le Flore",2001,83
40,"Le Flore",2002,94
40,"Le Flore",2003,90
40,"Le Flore",2004,113
40,"Le Flore",2005,127
40,"Le Flore",2006,295
40,"Le Flore",2007,445
40,"Le Flore",2008,349
40,"Le Flore",2009,233
40,"Le Flore",2010,328
40,"Le Flore",2011,205
41,"Lincoln",1994,1
41,"Lincoln",1995,3
41,"Lincoln",1996,12
41,"Lincoln",1997,2
41,"Lincoln",1998,21
41,"Lincoln",1999,30
41,"Lincoln",2000,54
41,"Lincoln",2001,38
41,"Lincoln",2002,57
41,"Lincoln",2003,82
41,"Lincoln",2004,132
41,"Lincoln",2005,176
41,"Lincoln",2006,209
41,"Lincoln",2007,271
41,"Lincoln",2008,197
41,"Lincoln",2009,171
41,"Lincoln",2010,129
41,"Lincoln",2011,74
42,"Logan",1978,2
42,"Logan",1990,1
42,"Logan",1991,1
42,"Logan",1993,3
42,"Logan",1994,8
42,"Logan",1995,10
42,"Logan",1996,8
42,"Logan",1997,10
42,"Logan",1998,32
42,"Logan",1999,22
42,"Logan",2000,29
42,"Logan",2001,62
42,"Logan",2002,109
42,"Logan",2003,63
42,"Logan",2004,79
42,"Logan",2005,154
42,"Logan",2006,120
42,"Logan",2007,168
42,"Logan",2008,196
42,"Logan",2009,138
42,"Logan",2010,150
42,"Logan",2011,90
43,"Love",1996,1
43,"Love",1998,8
43,"Love",1999,1
43,"Love",2000,1
43,"Love",2001,1
43,"Love",2002,1
43,"Love",2003,13
43,"Love",2004,23
43,"Love",2005,15
43,"Love",2006,18
43,"Love",2007,46
43,"Love",2008,33
43,"Love",2009,34
43,"Love",2010,54
43,"Love",2011,36
44,"McClain",1990,1
44,"McClain",1993,2
44,"McClain",1994,1
44,"McClain",1995,2
44,"McClain",1996,3
44,"McClain",1997,13
44,"McClain",1998,6
44,"McClain",1999,13
44,"McClain",2000,9
44,"McClain",2001,22
44,"McClain",2002,52
44,"McClain",2003,96
44,"McClain",2004,116
44,"McClain",2005,89
44,"McClain",2006,150
44,"McClain",2007,106
44,"McClain",2008,89
44,"McClain",2009,70
44,"McClain",2010,77
44,"McClain",2011,43
45,"McCurtain",1993,3
45,"McCurtain",1994,3
45,"McCurtain",1995,4
45,"McCurtain",1996,10
45,"McCurtain",1997,25
45,"McCurtain",1998,32
45,"McCurtain",1999,31
45,"McCurtain",2000,54
45,"McCurtain",2001,56
45,"McCurtain",2002,38
45,"McCurtain",2003,96
45,"McCurtain",2004,149
45,"McCurtain",2005,152
45,"McCurtain",2006,352
45,"McCurtain",2007,236
45,"McCurtain",2008,177
45,"McCurtain",2009,208
45,"McCurtain",2010,124
45,"McCurtain",2011,126
46,"McIntosh",1990,1
46,"McIntosh",1992,4
46,"McIntosh",1993,2
46,"McIntosh",1994,7
46,"McIntosh",1995,5
46,"McIntosh",1996,14
46,"McIntosh",1997,35
46,"McIntosh",1998,22
46,"McIntosh",1999,22
46,"McIntosh",2000,29
46,"McIntosh",2001,43
46,"McIntosh",2002,80
46,"McIntosh",2003,76
46,"McIntosh",2004,153
46,"McIntosh",2005,156
46,"McIntosh",2006,180
46,"McIntosh",2007,277
46,"McIntosh",2008,283
46,"McIntosh",2009,239
46,"McIntosh",2010,206
46,"McIntosh",2011,146
47,"Major",1985,3
47,"Major",1986,5
47,"Major",1987,3
47,"Major",1988,3
47,"Major",1989,1
47,"Major",1990,1
47,"Major",1991,2
47,"Major",1992,5
47,"Major",1993,10
47,"Major",1994,5
47,"Major",2000,2
47,"Major",2001,4
47,"Major",2002,9
47,"Major",2003,3
47,"Major",2004,22
47,"Major",2005,59
47,"Major",2006,49
47,"Major",2007,68
47,"Major",2008,68
47,"Major",2009,48
47,"Major",2010,38
47,"Major",2011,25
48,"Marshall",1974,1
48,"Marshall",1994,2
48,"Marshall",1997,3
48,"Marshall",1998,7
48,"Marshall",1999,12
48,"Marshall",2000,10
48,"Marshall",2001,8
48,"Marshall",2002,19
48,"Marshall",2003,30
48,"Marshall",2004,57
48,"Marshall",2005,44
48,"Marshall",2006,77
48,"Marshall",2007,121
48,"Marshall",2008,140
48,"Marshall",2009,121
48,"Marshall",2010,49
48,"Marshall",2011,23
49,"Mayes",1989,1
49,"Mayes",1990,1
49,"Mayes",1991,9
49,"Mayes",1992,6
49,"Mayes",1993,9
49,"Mayes",1994,3
49,"Mayes",1995,11
49,"Mayes",1996,19
49,"Mayes",1997,46
49,"Mayes",1998,6
49,"Mayes",1999,23
49,"Mayes",2000,35
49,"Mayes",2001,52
49,"Mayes",2002,42
49,"Mayes",2003,63
49,"Mayes",2004,189
49,"Mayes",2005,125
49,"Mayes",2006,251
49,"Mayes",2007,229
49,"Mayes",2008,240
49,"Mayes",2009,247
49,"Mayes",2010,211
49,"Mayes",2011,129
50,"Murray",1995,1
50,"Murray",1997,1
50,"Murray",1998,2
50,"Murray",1999,7
50,"Murray",2000,2
50,"Murray",2001,11
50,"Murray",2002,2
50,"Murray",2003,2
50,"Murray",2004,13
50,"Murray",2005,17
50,"Murray",2006,6
50,"Murray",2007,11
50,"Murray",2008,3
50,"Murray",2009,40
50,"Murray",2010,34
50,"Murray",2011,8
51,"Muskogee",1978,3
51,"Muskogee",1981,4
51,"Muskogee",1983,4
51,"Muskogee",1984,2
51,"Muskogee",1987,1
51,"Muskogee",1988,8
51,"Muskogee",1991,1
51,"Muskogee",1993,4
51,"Muskogee",1994,1
51,"Muskogee",1995,6
51,"Muskogee",1996,10
51,"Muskogee",1997,19
51,"Muskogee",1998,58
51,"Muskogee",1999,67
51,"Muskogee",2000,58
51,"Muskogee",2001,67
51,"Muskogee",2002,102
51,"Muskogee",2003,109
51,"Muskogee",2004,155
51,"Muskogee",2005,151
51,"Muskogee",2006,291
51,"Muskogee",2007,389
51,"Muskogee",2008,488
51,"Muskogee",2009,287
51,"Muskogee",2010,348
51,"Muskogee",2011,319
52,"Noble",1994,3
52,"Noble",1997,14
52,"Noble",1998,9
52,"Noble",1999,4
52,"Noble",2000,21
52,"Noble",2001,16
52,"Noble",2002,15
52,"Noble",2003,16
52,"Noble",2004,15
52,"Noble",2005,43
52,"Noble",2006,53
52,"Noble",2007,63
52,"Noble",2008,35
52,"Noble",2009,96
52,"Noble",2010,44
52,"Noble",2011,45
53,"Nowata",1992,1
53,"Nowata",1993,4
53,"Nowata",1994,1
53,"Nowata",1996,4
53,"Nowata",1997,9
53,"Nowata",1998,7
53,"Nowata",1999,4
53,"Nowata",2000,9
53,"Nowata",2001,4
53,"Nowata",2002,37
53,"Nowata",2003,53
53,"Nowata",2004,90
53,"Nowata",2005,52
53,"Nowata",2006,129
53,"Nowata",2007,165
53,"Nowata",2008,187
53,"Nowata",2009,93
53,"Nowata",2010,83
53,"Nowata",2011,77
54,"Okfuskee",1998,4
54,"Okfuskee",1999,2
54,"Okfuskee",2000,16
54,"Okfuskee",2001,111
54,"Okfuskee",2002,8
54,"Okfuskee",2003,22
54,"Okfuskee",2004,9
54,"Okfuskee",2005,27
54,"Okfuskee",2006,125
54,"Okfuskee",2007,123
54,"Okfuskee",2008,82
54,"Okfuskee",2009,66
54,"Okfuskee",2010,43
54,"Okfuskee",2011,63
55,"Oklahoma",1976,1
55,"Oklahoma",1977,3
55,"Oklahoma",1979,1
55,"Oklahoma",1980,1
55,"Oklahoma",1981,2
55,"Oklahoma",1982,4
55,"Oklahoma",1983,11
55,"Oklahoma",1985,5
55,"Oklahoma",1986,11
55,"Oklahoma",1987,9
55,"Oklahoma",1988,3
55,"Oklahoma",1989,10
55,"Oklahoma",1990,15
55,"Oklahoma",1991,27
55,"Oklahoma",1992,58
55,"Oklahoma",1993,62
55,"Oklahoma",1994,58
55,"Oklahoma",1995,106
55,"Oklahoma",1996,198
55,"Oklahoma",1997,398
55,"Oklahoma",1998,436
55,"Oklahoma",1999,548
55,"Oklahoma",2000,675
55,"Oklahoma",2001,937
55,"Oklahoma",2002,1244
55,"Oklahoma",2003,1357
55,"Oklahoma",2004,1930
55,"Oklahoma",2005,2743
55,"Oklahoma",2006,3676
55,"Oklahoma",2007,5092
55,"Oklahoma",2008,4937
55,"Oklahoma",2009,3587
55,"Oklahoma",2010,3195
55,"Oklahoma",2011,2229
56,"Okmulgee",1989,5
56,"Okmulgee",1990,1
56,"Okmulgee",1991,2
56,"Okmulgee",1992,1
56,"Okmulgee",1993,2
56,"Okmulgee",1994,1
56,"Okmulgee",1995,4
56,"Okmulgee",1996,8
56,"Okmulgee",1997,47
56,"Okmulgee",1998,9
56,"Okmulgee",1999,49
56,"Okmulgee",2000,83
56,"Okmulgee",2001,69
56,"Okmulgee",2002,91
56,"Okmulgee",2003,164
56,"Okmulgee",2004,108
56,"Okmulgee",2005,138
56,"Okmulgee",2006,230
56,"Okmulgee",2007,400
56,"Okmulgee",2008,314
56,"Okmulgee",2009,264
56,"Okmulgee",2010,200
56,"Okmulgee",2011,85
57,"Osage",1992,1
57,"Osage",1993,4
57,"Osage",1994,3
57,"Osage",1995,23
57,"Osage",1996,20
57,"Osage",1997,21
57,"Osage",1998,40
57,"Osage",1999,29
57,"Osage",2000,16
57,"Osage",2001,67
57,"Osage",2002,47
57,"Osage",2003,46
57,"Osage",2004,96
57,"Osage",2005,82
57,"Osage",2006,196
57,"Osage",2007,197
57,"Osage",2008,143
57,"Osage",2009,234
57,"Osage",2010,149
57,"Osage",2011,53
58,"Ottawa",1985,4
58,"Ottawa",1990,2
58,"Ottawa",1992,2
58,"Ottawa",1994,5
58,"Ottawa",1995,3
58,"Ottawa",1996,10
58,"Ottawa",1997,11
58,"Ottawa",1998,22
58,"Ottawa",1999,28
58,"Ottawa",2000,11
58,"Ottawa",2001,38
58,"Ottawa",2002,54
58,"Ottawa",2003,54
58,"Ottawa",2004,96
58,"Ottawa",2005,98
58,"Ottawa",2006,290
58,"Ottawa",2007,174
58,"Ottawa",2008,206
58,"Ottawa",2009,159
58,"Ottawa",2010,186
58,"Ottawa",2011,105
59,"Pawnee",1992,1
59,"Pawnee",1994,3
59,"Pawnee",1995,20
59,"Pawnee",1996,14
59,"Pawnee",1997,27
59,"Pawnee",1998,12
59,"Pawnee",1999,19
59,"Pawnee",2000,12
59,"Pawnee",2001,31
59,"Pawnee",2002,25
59,"Pawnee",2003,32
59,"Pawnee",2004,19
59,"Pawnee",2005,47
59,"Pawnee",2006,96
59,"Pawnee",2007,77
59,"Pawnee",2008,103
59,"Pawnee",2009,75
59,"Pawnee",2010,53
59,"Pawnee",2011,25
60,"Payne",1986,2
60,"Payne",1989,2
60,"Payne",1990,2
60,"Payne",1992,3
60,"Payne",1993,3
60,"Payne",1994,2
60,"Payne",1995,9
60,"Payne",1996,9
60,"Payne",1997,11
60,"Payne",1998,12
60,"Payne",1999,33
60,"Payne",2000,28
60,"Payne",2001,65
60,"Payne",2002,79
60,"Payne",2003,118
60,"Payne",2004,219
60,"Payne",2005,232
60,"Payne",2006,374
60,"Payne",2007,500
60,"Payne",2008,594
60,"Payne",2009,586
60,"Payne",2010,438
60,"Payne",2011,394
61,"Pittsburg",1991,1
61,"Pittsburg",1994,1
61,"Pittsburg",1995,3
61,"Pittsburg",1996,6
61,"Pittsburg",1997,13
61,"Pittsburg",1998,39
61,"Pittsburg",1999,32
61,"Pittsburg",2000,58
61,"Pittsburg",2001,60
61,"Pittsburg",2002,104
61,"Pittsburg",2003,161
61,"Pittsburg",2004,104
61,"Pittsburg",2005,319
61,"Pittsburg",2006,347
61,"Pittsburg",2007,580
61,"Pittsburg",2008,606
61,"Pittsburg",2009,570
61,"Pittsburg",2010,429
61,"Pittsburg",2011,378
62,"Pontotoc",1995,1
62,"Pontotoc",1997,2
62,"Pontotoc",1998,1
62,"Pontotoc",1999,7
62,"Pontotoc",2000,8
62,"Pontotoc",2001,17
62,"Pontotoc",2002,39
62,"Pontotoc",2003,18
62,"Pontotoc",2004,21
62,"Pontotoc",2005,47
62,"Pontotoc",2006,96
62,"Pontotoc",2007,81
62,"Pontotoc",2008,82
62,"Pontotoc",2009,80
62,"Pontotoc",2010,163
62,"Pontotoc",2011,104
63,"Pottawatomie",1984,2
63,"Pottawatomie",1985,2
63,"Pottawatomie",1986,2
63,"Pottawatomie",1987,1
63,"Pottawatomie",1988,2
63,"Pottawatomie",1989,1
63,"Pottawatomie",1991,4
63,"Pottawatomie",1992,2
63,"Pottawatomie",1993,3
63,"Pottawatomie",1994,6
63,"Pottawatomie",1995,26
63,"Pottawatomie",1996,15
63,"Pottawatomie",1997,23
63,"Pottawatomie",1998,43
63,"Pottawatomie",1999,67
63,"Pottawatomie",2000,92
63,"Pottawatomie",2001,68
63,"Pottawatomie",2002,92
63,"Pottawatomie",2003,196
63,"Pottawatomie",2004,112
63,"Pottawatomie",2005,132
63,"Pottawatomie",2006,350
63,"Pottawatomie",2007,263
63,"Pottawatomie",2008,323
63,"Pottawatomie",2009,372
63,"Pottawatomie",2010,239
63,"Pottawatomie",2011,148
64,"Pushmataha",1983,1
64,"Pushmataha",1989,1
64,"Pushmataha",1992,1
64,"Pushmataha",1993,3
64,"Pushmataha",1995,1
64,"Pushmataha",1997,7
64,"Pushmataha",1998,27
64,"Pushmataha",1999,39
64,"Pushmataha",2000,23
64,"Pushmataha",2001,31
64,"Pushmataha",2002,44
64,"Pushmataha",2003,21
64,"Pushmataha",2004,59
64,"Pushmataha",2005,93
64,"Pushmataha",2006,82
64,"Pushmataha",2007,309
64,"Pushmataha",2008,203
64,"Pushmataha",2009,167
64,"Pushmataha",2010,76
64,"Pushmataha",2011,64
65,"Roger Mills",2001,5
65,"Roger Mills",2002,9
65,"Roger Mills",2003,7
65,"Roger Mills",2004,4
65,"Roger Mills",2005,11
65,"Roger Mills",2006,17
65,"Roger Mills",2007,3
65,"Roger Mills",2008,10
65,"Roger Mills",2009,22
65,"Roger Mills",2010,10
65,"Roger Mills",2011,3
66,"Rogers",1973,1
66,"Rogers",1990,2
66,"Rogers",1992,3
66,"Rogers",1993,4
66,"Rogers",1994,9
66,"Rogers",1995,12
66,"Rogers",1996,27
66,"Rogers",1997,42
66,"Rogers",1998,47
66,"Rogers",1999,70
66,"Rogers",2000,65
66,"Rogers",2001,64
66,"Rogers",2002,66
66,"Rogers",2003,108
66,"Rogers",2004,174
66,"Rogers",2005,202
66,"Rogers",2006,357
66,"Rogers",2007,554
66,"Rogers",2008,288
66,"Rogers",2009,159
66,"Rogers",2010,146
66,"Rogers",2011,94
67,"Seminole",1979,2
67,"Seminole",1990,4
67,"Seminole",1991,2
67,"Seminole",1993,2
67,"Seminole",1994,3
67,"Seminole",1996,28
67,"Seminole",1997,7
67,"Seminole",1998,37
67,"Seminole",1999,13
67,"Seminole",2000,46
67,"Seminole",2001,32
67,"Seminole",2002,37
67,"Seminole",2003,22
67,"Seminole",2004,54
67,"Seminole",2005,107
67,"Seminole",2006,104
67,"Seminole",2007,199
67,"Seminole",2008,149
67,"Seminole",2009,63
67,"Seminole",2010,114
67,"Seminole",2011,73
68,"Sequoyah",1975,3
68,"Sequoyah",1976,3
68,"Sequoyah",1993,1
68,"Sequoyah",1995,2
68,"Sequoyah",1996,5
68,"Sequoyah",1997,17
68,"Sequoyah",1998,18
68,"Sequoyah",1999,27
68,"Sequoyah",2000,39
68,"Sequoyah",2001,39
68,"Sequoyah",2002,80
68,"Sequoyah",2003,89
68,"Sequoyah",2004,72
68,"Sequoyah",2005,114
68,"Sequoyah",2006,199
68,"Sequoyah",2007,226
68,"Sequoyah",2008,238
68,"Sequoyah",2009,230
68,"Sequoyah",2010,285
68,"Sequoyah",2011,192
69,"Stephens",1982,1
69,"Stephens",1996,4
69,"Stephens",1997,13
69,"Stephens",1998,7
69,"Stephens",1999,22
69,"Stephens",2000,12
69,"Stephens",2001,26
69,"Stephens",2002,30
69,"Stephens",2003,30
69,"Stephens",2004,75
69,"Stephens",2005,106
69,"Stephens",2006,140
69,"Stephens",2007,181
69,"Stephens",2008,162
69,"Stephens",2009,99
69,"Stephens",2010,122
69,"Stephens",2011,77
70,"Texas",1992,3
70,"Texas",1993,1
70,"Texas",1994,3
70,"Texas",1995,1
70,"Texas",1997,5
70,"Texas",1999,7
70,"Texas",2000,32
70,"Texas",2001,7
70,"Texas",2002,13
70,"Texas",2003,21
70,"Texas",2004,19
70,"Texas",2005,10
70,"Texas",2006,32
70,"Texas",2007,25
70,"Texas",2008,16
70,"Texas",2009,27
70,"Texas",2010,12
70,"Texas",2011,19
71,"Tillman",2002,4
71,"Tillman",2003,8
71,"Tillman",2004,1
71,"Tillman",2005,15
71,"Tillman",2006,78
71,"Tillman",2007,77
71,"Tillman",2008,33
71,"Tillman",2009,24
71,"Tillman",2010,18
71,"Tillman",2011,9
72,"Tulsa",1979,1
72,"Tulsa",1983,4
72,"Tulsa",1985,1
72,"Tulsa",1986,4
72,"Tulsa",1987,3
72,"Tulsa",1988,5
72,"Tulsa",1989,2
72,"Tulsa",1990,6
72,"Tulsa",1991,13
72,"Tulsa",1992,15
72,"Tulsa",1993,24
72,"Tulsa",1994,39
72,"Tulsa",1995,86
72,"Tulsa",1996,137
72,"Tulsa",1997,116
72,"Tulsa",1998,189
72,"Tulsa",1999,232
72,"Tulsa",2000,262
72,"Tulsa",2001,356
72,"Tulsa",2002,465
72,"Tulsa",2003,513
72,"Tulsa",2004,661
72,"Tulsa",2005,1063
72,"Tulsa",2006,1660
72,"Tulsa",2007,2129
72,"Tulsa",2008,2128
72,"Tulsa",2009,1854
72,"Tulsa",2010,1539
72,"Tulsa",2011,1082
73,"Wagoner",1981,2
73,"Wagoner",1983,1
73,"Wagoner",1990,1
73,"Wagoner",1992,1
73,"Wagoner",1993,2
73,"Wagoner",1994,3
73,"Wagoner",1995,8
73,"Wagoner",1996,3
73,"Wagoner",1997,6
73,"Wagoner",1998,12
73,"Wagoner",1999,23
73,"Wagoner",2000,33
73,"Wagoner",2001,49
73,"Wagoner",2002,33
73,"Wagoner",2003,21
73,"Wagoner",2004,57
73,"Wagoner",2005,68
73,"Wagoner",2006,132
73,"Wagoner",2007,221
73,"Wagoner",2008,171
73,"Wagoner",2009,131
73,"Wagoner",2010,152
73,"Wagoner",2011,101
74,"Washington",1980,1
74,"Washington",1987,1
74,"Washington",1991,1
74,"Washington",1994,5
74,"Washington",1995,10
74,"Washington",1996,9
74,"Washington",1997,15
74,"Washington",1998,11
74,"Washington",1999,16
74,"Washington",2000,11
74,"Washington",2001,12
74,"Washington",2002,57
74,"Washington",2003,80
74,"Washington",2004,100
74,"Washington",2005,121
74,"Washington",2006,107
74,"Washington",2007,173
74,"Washington",2008,337
74,"Washington",2009,395
74,"Washington",2010,289
74,"Washington",2011,256
75,"Washita",1984,2
75,"Washita",1990,1
75,"Washita",1992,2
75,"Washita",1993,3
75,"Washita",1997,1
75,"Washita",1998,1
75,"Washita",2000,5
75,"Washita",2002,8
75,"Washita",2003,22
75,"Washita",2004,13
75,"Washita",2005,25
75,"Washita",2006,36
75,"Washita",2007,11
75,"Washita",2008,21
75,"Washita",2009,24
75,"Washita",2010,1
75,"Washita",2011,5
76,"Woods",1979,4
76,"Woods",1980,2
76,"Woods",1982,3
76,"Woods",1985,14
76,"Woods",1986,11
76,"Woods",1990,2
76,"Woods",1992,5
76,"Woods",1993,4
76,"Woods",1994,5
76,"Woods",1997,8
76,"Woods",1998,4
76,"Woods",1999,2
76,"Woods",2000,10
76,"Woods",2001,47
76,"Woods",2002,25
76,"Woods",2003,26
76,"Woods",2004,50
76,"Woods",2005,111
76,"Woods",2006,65
76,"Woods",2007,118
76,"Woods",2008,212
76,"Woods",2009,110
76,"Woods",2010,90
76,"Woods",2011,45
77,"Woodward",1992,3
77,"Woodward",1993,4
77,"Woodward",1994,1
77,"Woodward",1995,5
77,"Woodward",1996,3
77,"Woodward",1998,25
77,"Woodward",1999,18
77,"Woodward",2000,20
77,"Woodward",2001,6
77,"Woodward",2002,12
77,"Woodward",2003,7
77,"Woodward",2004,46
77,"Woodward",2005,115
77,"Woodward",2006,130
77,"Woodward",2007,131
77,"Woodward",2008,210
77,"Woodward",2009,111
77,"Woodward",2010,106
77,"Woodward",2011,113
NA,NA,1976,1
NA,NA,1981,1
NA,NA,1991,1
NA,NA,1994,14
NA,NA,1995,13
NA,NA,1996,4
NA,NA,1997,18
NA,NA,1998,23
NA,NA,1999,11
NA,NA,2000,17
NA,NA,2001,20
NA,NA,2002,34
NA,NA,2003,10
NA,NA,2004,22
NA,NA,2005,38
NA,NA,2006,53
NA,NA,2007,102
NA,NA,2008,51
NA,NA,2009,55
NA,NA,2010,47
NA,NA,2011,45
